{
    "loss": 0.36672336804239375,
    "iou": 0.560005604632591,
    "dice": 0.6576137221173236,
    "precision": 0.7392703381023908,
    "recall": 0.731917022482345
}